Company Name,Account Id,Website
Execo Group Inc.,b7355f89-e5ce-f011-bbd3-000d3a329ac2,
"Griffin Funding, Inc.",4f886a8f-e5ce-f011-bbd3-000d3a329ac2,
PHMG Careers,51886a8f-e5ce-f011-bbd3-000d3a329ac2,
Trapp Technology,54886a8f-e5ce-f011-bbd3-000d3a329ac2,
SanTrac Technologies,56886a8f-e5ce-f011-bbd3-000d3a329ac2,
Solar Cancellation Resource Center,5d886a8f-e5ce-f011-bbd3-000d3a329ac2,
Professional Sports Publications,6d886a8f-e5ce-f011-bbd3-000d3a329ac2,
Northwestern Mutual,75886a8f-e5ce-f011-bbd3-000d3a329ac2,
CGH Group,77886a8f-e5ce-f011-bbd3-000d3a329ac2,
ADP,80886a8f-e5ce-f011-bbd3-000d3a329ac2,
Paychex,8e886a8f-e5ce-f011-bbd3-000d3a329ac2,
Shamrock Trading Corporation,a3886a8f-e5ce-f011-bbd3-000d3a329ac2,
ABB,b3886a8f-e5ce-f011-bbd3-000d3a329ac2,
Townsquare Interactive,bd886a8f-e5ce-f011-bbd3-000d3a329ac2,
The Weiner Group,bf886a8f-e5ce-f011-bbd3-000d3a329ac2,
